{
  "label_classes": [
    "female",
    "male"
  ],
  "scaler_mean": [
    0.49646666666666667,
    42.7898,
    174.46513333333334,
    74.96686666666666,
    15.5306,
    95.51853333333334,
    40.02545333333334
  ],
  "scaler_scale": [
    0.4999875153996903,
    16.979698150830988,
    14.257638338175864,
    15.03515554233551,
    8.318926030844766,
    9.583008740242052,
    0.7792039492256753
  ],
  "feature_names": [
    "Gender",
    "Age",
    "Height",
    "Weight",
    "Duration",
    "Heart_Rate",
    "Body_Temp"
  ]
}